{
  "top1_acc": 69.762,
  "top5_acc": 89.076,
  "loss_avg": 1.2510315076429017,
  "batch_ms_avg": 127.91736958024558,
  "infer_ms_avg": 121.33584354145272,
  "infer_ms_std": 511.6196939012152,
  "throughput_sps": 1994.2720965372496,
  "total_samples": 50000,
  "config": {
    "imagenet_path": "/home/pf4636/imagenet2",
    "device": "cuda",
    "batch_size": 256,
    "num_workers": 8,
    "input_quant_bits": 8,
    "model_precision": "fp32",
    "num_eval_batches": null,
    "seed": 42
  },
  "total_eval_time_sec": 66.54520808602683
}