cfg.model_precision,Top-1 (%),Top-5 (%),Infer ms (avg),Infer ms (std),Throughput (sps),Samples
fp32,83.82978723404256,96.59574468085107,0.9160000502696617,0.11612085115187112,1091.702996856397,470
fp16,83.82978723404256,96.59574468085107,0.46566411298006144,0.18151577531867608,2147.470616965533,470
int8,82.97872340425532,96.17021276595744,0.714932666705089,0.2763631985627468,1398.7331207128932,470
fp8,83.82978723404256,96.38297872340425,0.5943078784262167,0.20622640712417628,1682.6295533017235,470
int4,83.19148936170212,96.38297872340425,0.48030128818936646,0.19534978629086844,2082.0264791913987,470
