cfg.model_precision,Top-1 (%),Top-5 (%),Infer ms (avg),Infer ms (std),Throughput (sps),Samples
fp32,78.29787234042553,94.25531914893617,0.9401995634184557,0.10988333365616762,1063.6039825035837,470
fp16,78.29787234042553,94.25531914893617,0.47671100956962464,0.17513334978307044,2097.7069543722127,470
int8,79.57446808510639,94.04255319148936,0.7087789490779347,0.2545267034428158,1410.8771166256008,470
fp8,79.14893617021276,94.25531914893617,0.640955930972036,0.2178126744251618,1560.1696648371114,470
int4,77.87234042553192,94.04255319148936,0.5078281637558595,0.19045569323522257,1969.1700290981778,470
