cfg.model_precision,Top-1 (%),Top-5 (%),Infer ms (avg),Infer ms (std),Throughput (sps),Samples
fp32,83.82978723404256,96.59574468085107,0.9419425011691737,0.12101969787859124,1061.63592656533,470
fp16,83.82978723404256,96.59574468085107,0.45571810555981196,0.1683301097238916,2194.3389735889095,470
int8,82.97872340425532,96.17021276595744,0.7103850299670816,0.26636422635658646,1407.687321404195,470
fp8,84.04255319148936,96.38297872340425,0.6312508388680029,0.24019983929933758,1584.1563106565693,470
int4,83.19148936170212,96.38297872340425,0.48627816982805094,0.18703694343156607,2056.4361348024368,470
