{
  "top1_acc": 69.8016826923077,
  "top5_acc": 89.1005608974359,
  "loss_avg": 1.2450513743437253,
  "batch_ms_avg": 1455.6382096981486,
  "infer_ms_avg": 1454.732854563731,
  "infer_ms_std": 60.52385836201655,
  "throughput_sps": 175.86787588729618,
  "total_samples": 49920,
  "config": {
    "imagenet_path": "/home/pf4636/imagenet2",
    "device": "cpu",
    "batch_size": 256,
    "num_workers": 4,
    "input_quant_bits": 8,
    "model_precision": "int8",
    "num_eval_batches": null,
    "seed": 42
  },
  "total_eval_time_sec": 288.60332095000194
}