{
  "top1_acc": 69.764,
  "top5_acc": 89.096,
  "loss_avg": 1.2509977379623725,
  "batch_ms_avg": 62.59696138807399,
  "infer_ms_avg": 55.21599568879649,
  "infer_ms_std": 14.180720428643957,
  "throughput_sps": 4075.3102891816843,
  "total_samples": 50000,
  "config": {
    "imagenet_path": "/home/pf4636/imagenet2",
    "device": "cuda",
    "batch_size": 256,
    "num_workers": 8,
    "input_quant_bits": 8,
    "model_precision": "fp16",
    "num_eval_batches": null,
    "seed": 42
  },
  "total_eval_time_sec": 37.160715144003916
}